no,surname,givenName,romanizedSurname,romanizedGiven
1,អ៊ូច,ដារា,Ouch,Dara
2,យី,ចក្រា,Yi,Chakra
3,អ៊ុំ,រិទ្ធ,Um,Rith
4,សេង,វិជ្ជា,Seng,Vichhea
5,ឡុង,បុរី,Long,Borey
6,ហេង,ដារា,Heng,Dara
7,ហឿន,សាន្ត,Heoun,San
8,លី,ជឿន,Ly,Cheurn
9,ជា,សោភា,Chea,Sophea
10,សេង,វិចិត្រ,Seng,Vichetr
11,ជឹង,ជឿន,Cheung,Cheurn
12,ហាក់,ជឿន,Hak,Cheurn
13,ហេង,បុរី,Heng,Borey
14,ឆន,វិជ្ជា,Chan,Vichhea
15,អ៊ុំ,បុរី,Um,Borey
16,ប៊ុន,ចក្រា,Bun,Chakra
17,ឆន,សោភា,Chan,Sophea
18,ចាន់,បុរី,Chan,Borey
19,វណ្ណ,វិជ្ជា,Vann,Vichhea
20,ជា,វិជ្ជា,Chea,Vichhea
21,លី,បុរី,Ly,Borey
22,លុច,សោភា,Luch,Sophea
23,ឡុង,ជឿន,Long,Cheurn
24,ថោង,វិចិត្រ,Thong,Vichetr
25,ឆៃ,វិចិត្រ,Chhay,Vichetr
26,អ៊ូច,អនុ,Ouch,Anu
27,សុខ,សោភា,Sok,Sophea
28,លុច,ជឿន,Luch,Cheurn
29,ចាន់,វិជ្ជា,Chan,Vichhea
30,សោម,សោភា,Saom,Sophea
31,សុខុន,អនុ,Sokhon,Anu
32,ថាច់,រិទ្ធ,Thach,Rith
33,នួន,វិជ្ជា,Nuon,Vichhea
34,ហាក់,សាន្ត,Hak,San
35,វណ្ណ,បុរី,Vann,Borey
36,សុខុន,ចក្រា,Sokhon,Chakra
37,ហួត,វិជ្ជា,Huot,Vichhea
38,សុខ,អនុ,Sok,Anu
39,ហាក់,រិទ្ធ,Hak,Rith
40,សុខ,ដារា,Sok,Dara
41,សោម,សាន្ត,Saom,San
42,ហេង,រិទ្ធ,Heng,Rith
43,លី,អនុ,Ly,Anu
44,ជឹង,បុរី,Cheung,Borey
45,វណ្ណ,សោភា,Vann,Sophea
46,យី,វិចិត្រ,Yi,Vichetr
47,ថោង,រិទ្ធ,Thong,Rith
48,ឡុង,សោភា,Long,Sophea
49,លី,ដារា,Ly,Dara
50,សេន,សោភា,Sen,Sophea
51,វ៉ាន់,ជឿន,Van,Cheurn
52,សែន,រិទ្ធ,Saen,Rith
53,ប៊ុន,វិចិត្រ,Bun,Vichetr
54,សែន,វិចិត្រ,Saen,Vichetr
55,ហឿន,រិទ្ធ,Heoun,Rith
56,វណ្ណ,វិចិត្រ,Vann,Vichetr
57,ហួត,សោភា,Huot,Sophea
58,ឆន,ចក្រា,Chan,Chakra
59,សេង,ចក្រា,Seng,Chakra
60,លុច,ចក្រា,Luch,Chakra
61,សែន,វិជ្ជា,Saen,Vichhea
62,ឆន,ជឿន,Chan,Cheurn
63,សុខ,សាន្ត,Sok,San
64,សុខ,ជឿន,Sok,Cheurn
65,សែន,បុរី,Saen,Borey
66,សុខ,ចក្រា,Sok,Chakra
67,ស៊ុំ,វិចិត្រ,Sum,Vichetr
68,អ៊ូច,ជឿន,Ouch,Cheurn
69,សែន,សាន្ត,Saen,San
70,ហួត,អនុ,Huot,Anu
71,ហេង,ជឿន,Heng,Cheurn
72,ឆៃ,សាន្ត,Chhay,San
73,សែន,ជឿន,Saen,Cheurn
74,ចាន់,រិទ្ធ,Chan,Rith
75,ប៊ុន,ដារា,Bun,Dara
76,ហាក់,ដារា,Hak,Dara
77,វង្ស,វិជ្ជា,Vong,Vichhea
78,យី,ជឿន,Yi,Cheurn
79,យី,សោភា,Yi,Sophea
80,សេង,អនុ,Seng,Anu
81,ឆៃ,សោភា,Chhay,Sophea
82,អ៊ូច,រិទ្ធ,Ouch,Rith
83,សេន,បុរី,Sen,Borey
84,វ៉ាន់,រិទ្ធ,Van,Rith
85,អ៊ុំ,វិជ្ជា,Um,Vichhea
86,យី,អនុ,Yi,Anu
87,ថោង,ដារា,Thong,Dara
88,ចាន់,វិចិត្រ,Chan,Vichetr
89,ហេង,ចក្រា,Heng,Chakra
90,យី,វិជ្ជា,Yi,Vichhea
91,នួន,បុរី,Nuon,Borey
92,គឹម,អនុ,Kim,Anu
93,ថាច់,ជឿន,Thach,Cheurn
94,ហឿន,ដារា,Heoun,Dara
95,ស៊ុំ,បុរី,Sum,Borey
96,ឆៃ,ជឿន,Chhay,Cheurn
97,លី,វិជ្ជា,Ly,Vichhea
98,ហេង,វិចិត្រ,Heng,Vichetr
99,វង្ស,អនុ,Vong,Anu
100,ប៊ុន,បុរី,Bun,Borey
101,ឡុង,អនុ,Long,Anu
102,ចាន់,សាន្ត,Chan,San
103,ជា,ជឿន,Chea,Cheurn
104,ជឹង,ចក្រា,Cheung,Chakra
105,វណ្ណ,ដារា,Vann,Dara
106,គឹម,ជឿន,Kim,Cheurn
107,អ៊ុំ,សោភា,Um,Sophea
108,គឹម,បុរី,Kim,Borey
109,ថោង,ចក្រា,Thong,Chakra
110,សុខ,វិជ្ជា,Sok,Vichhea
111,ស៊ុំ,ចក្រា,Sum,Chakra
112,ស៊ុំ,រិទ្ធ,Sum,Rith
113,សុខុន,ជឿន,Sokhon,Cheurn
114,ហួត,ជឿន,Huot,Cheurn
115,វណ្ណ,អនុ,Vann,Anu
116,អ៊ូច,វិជ្ជា,Ouch,Vichhea
117,ជឹង,ដារា,Cheung,Dara
118,លុច,វិចិត្រ,Luch,Vichetr
119,វ៉ាន់,ចក្រា,Van,Chakra
120,សេន,ដារា,Sen,Dara
121,ហួត,ដារា,Huot,Dara
122,ឆន,ដារា,Chan,Dara
123,លុច,រិទ្ធ,Luch,Rith
124,ចាន់,ចក្រា,Chan,Chakra
125,លី,សោភា,Ly,Sophea
126,ឆៃ,វិជ្ជា,Chhay,Vichhea
127,ហេង,សាន្ត,Heng,San
128,ហាក់,បុរី,Hak,Borey
129,ប៊ុន,អនុ,Bun,Anu
130,សុខ,វិចិត្រ,Sok,Vichetr
131,ស៊ុំ,វិជ្ជា,Sum,Vichhea
132,ជឹង,វិជ្ជា,Cheung,Vichhea
133,ប៊ុន,ជឿន,Bun,Cheurn
134,ឡុង,ចក្រា,Long,Chakra
135,សុខុន,ដារា,Sokhon,Dara
136,សេន,សាន្ត,Sen,San
137,ហេង,សោភា,Heng,Sophea
138,ហឿន,សោភា,Heoun,Sophea
139,គឹម,រិទ្ធ,Kim,Rith
140,ប៊ុន,សាន្ត,Bun,San
141,គឹម,ចក្រា,Kim,Chakra
142,អ៊ូច,វិចិត្រ,Ouch,Vichetr
143,សុខុន,សាន្ត,Sokhon,San
144,សោម,វិចិត្រ,Saom,Vichetr
145,ជា,វិចិត្រ,Chea,Vichetr
146,ហឿន,ជឿន,Heoun,Cheurn
147,វណ្ណ,ជឿន,Vann,Cheurn
148,សុខុន,វិជ្ជា,Sokhon,Vichhea
149,សុខុន,សោភា,Sokhon,Sophea
150,សេង,ដារា,Seng,Dara
151,ឡុង,រិទ្ធ,Long,Rith
152,ហាក់,ចក្រា,Hak,Chakra
153,សុខ,រិទ្ធ,Sok,Rith
154,វ៉ាន់,វិចិត្រ,Van,Vichetr
155,លុច,បុរី,Luch,Borey
156,ហួត,សាន្ត,Huot,San
157,នួន,ចក្រា,Nuon,Chakra
158,លុច,អនុ,Luch,Anu
159,ឆៃ,អនុ,Chhay,Anu
160,ឆៃ,ចក្រា,Chhay,Chakra
161,នួន,សោភា,Nuon,Sophea
162,លី,ចក្រា,Ly,Chakra
163,ជឹង,សាន្ត,Cheung,San
164,នួន,ដារា,Nuon,Dara
165,ថាច់,ចក្រា,Thach,Chakra
166,អ៊ុំ,សាន្ត,Um,San
167,លី,រិទ្ធ,Ly,Rith
168,សេង,ជឿន,Seng,Cheurn
169,ចាន់,អនុ,Chan,Anu
170,វណ្ណ,ចក្រា,Vann,Chakra
171,ហាក់,វិជ្ជា,Hak,Vichhea
172,ជា,សាន្ត,Chea,San
173,សុខ,បុរី,Sok,Borey
174,ថាច់,សោភា,Thach,Sophea
175,ហឿន,អនុ,Heoun,Anu
176,វ៉ាន់,សាន្ត,Van,San
177,វ៉ាន់,បុរី,Van,Borey
178,អ៊ុំ,ដារា,Um,Dara
179,សោម,អនុ,Saom,Anu
180,សោម,រិទ្ធ,Saom,Rith
181,ថាច់,វិជ្ជា,Thach,Vichhea
182,វង្ស,បុរី,Vong,Borey
183,សោម,ចក្រា,Saom,Chakra
184,ឆៃ,បុរី,Chhay,Borey
185,ឆន,វិចិត្រ,Chan,Vichetr
186,គឹម,ដារា,Kim,Dara
187,យី,រិទ្ធ,Yi,Rith
188,ហាក់,អនុ,Hak,Anu
189,ថោង,បុរី,Thong,Borey
190,វណ្ណ,រិទ្ធ,Vann,Rith
191,នួន,រិទ្ធ,Nuon,Rith
192,យី,ដារា,Yi,Dara
193,ថោង,សាន្ត,Thong,San
194,វង្ស,សាន្ត,Vong,San
195,សុខុន,រិទ្ធ,Sokhon,Rith
196,ជា,រិទ្ធ,Chea,Rith
197,ហឿន,ចក្រា,Heoun,Chakra
198,សេង,សាន្ត,Seng,San
199,សោម,ជឿន,Saom,Cheurn
200,ឆន,រិទ្ធ,Chan,Rith
201,លី,សាន្ត,Ly,San
202,អ៊ូច,ចក្រា,Ouch,Chakra
203,នួន,ជឿន,Nuon,Cheurn
204,ថាច់,សាន្ត,Thach,San
205,ឆៃ,រិទ្ធ,Chhay,Rith
206,ជឹង,រិទ្ធ,Cheung,Rith
207,ស៊ុំ,សាន្ត,Sum,San
208,ចាន់,សោភា,Chan,Sophea
209,យី,សាន្ត,Yi,San
210,វង្ស,រិទ្ធ,Vong,Rith
211,ឡុង,សាន្ត,Long,San
212,ហួត,ចក្រា,Huot,Chakra
213,អ៊ូច,សោភា,Ouch,Sophea
214,ស៊ុំ,អនុ,Sum,Anu
215,សែន,ដារា,Saen,Dara
216,សេន,អនុ,Sen,Anu
217,ស៊ុំ,ជឿន,Sum,Cheurn
218,ឡុង,ដារា,Long,Dara
219,វ៉ាន់,អនុ,Van,Anu
220,វង្ស,ដារា,Vong,Dara
221,អ៊ុំ,វិចិត្រ,Um,Vichetr
222,សោម,ដារា,Saom,Dara
223,ហេង,អនុ,Heng,Anu
224,ជឹង,សោភា,Cheung,Sophea
225,សោម,បុរី,Saom,Borey
226,ឆន,បុរី,Chan,Borey
227,ប៊ុន,វិជ្ជា,Bun,Vichhea
228,គឹម,សោភា,Kim,Sophea
229,នួន,វិចិត្រ,Nuon,Vichetr
230,គឹម,វិចិត្រ,Kim,Vichetr
231,វង្ស,ចក្រា,Vong,Chakra
232,ប៊ុន,រិទ្ធ,Bun,Rith
233,សុខុន,វិចិត្រ,Sokhon,Vichetr
234,សេង,រិទ្ធ,Seng,Rith
235,ចាន់,ដារា,Chan,Dara
236,សែន,អនុ,Saen,Anu
237,វណ្ណ,សាន្ត,Vann,San
238,វង្ស,សោភា,Vong,Sophea
239,ឆៃ,ដារា,Chhay,Dara
240,ជឹង,អនុ,Cheung,Anu
241,អ៊ូច,សាន្ត,Ouch,San
242,អ៊ូច,បុរី,Ouch,Borey
243,ឡុង,វិជ្ជា,Long,Vichhea
244,ឆន,អនុ,Chan,Anu
245,ថោង,សោភា,Thong,Sophea
246,លី,វិចិត្រ,Ly,Vichetr
247,សេន,ជឿន,Sen,Cheurn
248,សេន,ចក្រា,Sen,Chakra
249,គឹម,សាន្ត,Kim,San
250,ជឹង,វិចិត្រ,Cheung,Vichetr
251,យី,បុរី,Yi,Borey
252,ថោង,វិជ្ជា,Thong,Vichhea
253,ស៊ុំ,សោភា,Sum,Sophea
254,ហឿន,វិចិត្រ,Heoun,Vichetr
255,សេង,សោភា,Seng,Sophea
256,សោម,វិជ្ជា,Saom,Vichhea
257,វ៉ាន់,ដារា,Van,Dara
258,លុច,សាន្ត,Luch,San
259,អ៊ុំ,ចក្រា,Um,Chakra
260,ហួត,រិទ្ធ,Huot,Rith
261,វង្ស,វិចិត្រ,Vong,Vichetr
262,ហួត,បុរី,Huot,Borey
263,នួន,អនុ,Nuon,Anu
264,ថាច់,អនុ,Thach,Anu
265,សែន,សោភា,Saen,Sophea
266,ស៊ុំ,ដារា,Sum,Dara
267,សេង,បុរី,Seng,Borey
268,ហួត,វិចិត្រ,Huot,Vichetr
269,ចាន់,ជឿន,Chan,Cheurn
270,ថាច់,វិចិត្រ,Thach,Vichetr
271,ហឿន,បុរី,Heoun,Borey
272,វ៉ាន់,វិជ្ជា,Van,Vichhea
273,អ៊ុំ,អនុ,Um,Anu
274,សេន,វិជ្ជា,Sen,Vichhea
275,គឹម,វិជ្ជា,Kim,Vichhea
276,ថោង,អនុ,Thong,Anu
277,លុច,វិជ្ជា,Luch,Vichhea
278,ហេង,វិជ្ជា,Heng,Vichhea
279,ប៊ុន,សោភា,Bun,Sophea
280,សេន,វិចិត្រ,Sen,Vichetr
281,នួន,សាន្ត,Nuon,San
282,ជា,អនុ,Chea,Anu
283,ហាក់,សោភា,Hak,Sophea
284,អ៊ុំ,ជឿន,Um,Cheurn
285,ឡុង,វិចិត្រ,Long,Vichetr
286,លុច,ដារា,Luch,Dara
287,វ៉ាន់,សោភា,Van,Sophea
288,ហឿន,វិជ្ជា,Heoun,Vichhea
289,ជា,បុរី,Chea,Borey
290,ហាក់,វិចិត្រ,Hak,Vichetr
291,សែន,ចក្រា,Saen,Chakra
292,ថាច់,បុរី,Thach,Borey
293,ថាច់,ដារា,Thach,Dara
294,ឆន,សាន្ត,Chan,San
295,សេន,រិទ្ធ,Sen,Rith
296,ជា,ដារា,Chea,Dara
297,វង្ស,ជឿន,Vong,Cheurn
298,សុខុន,បុរី,Sokhon,Borey
299,ថោង,ជឿន,Thong,Cheurn
300,ជា,ចក្រា,Chea,Chakra
301,ហួត,សិរី,Huot,Serey
302,ឆន,ពេជ្រ,Chan,Pich
303,ឆៃ,មនោ,Chhay,Manou
304,សេន,ចន្ទ្រា,Sen,Chantrea
305,សុខុន,ពេជ្រ,Sokhon,Pich
306,ឡុង,បុប្ផា,Long,Bopha
307,សុខ,សុភា,Sok,Sophea
308,យី,មនោ,Yi,Manou
309,គឹម,សុភា,Kim,Sophea
310,នួន,ពេជ្រ,Nuon,Pich
311,វណ្ណ,សុភា,Vann,Sophea
312,យី,ស្រីណា,Yi,Sreyna
313,ឡុង,លក្ខិណា,Long,Lakhena
314,ហួត,ពេជ្រ,Huot,Pich
315,ហាក់,សុខា,Hak,Sokha
316,វ៉ាន់,លក្ខិណា,Van,Lakhena
317,អ៊ូច,ពេជ្រ,Ouch,Pich
318,សុខ,គន់,Sok,Kon
319,លុច,បុប្ផា,Luch,Bopha
320,ឡុង,មនោ,Long,Manou
321,ជឹង,ពេជ្រ,Cheung,Pich
322,ហេង,គន់,Heng,Kon
323,អ៊ុំ,គន់,Um,Kon
324,សុខុន,សុភា,Sokhon,Sophea
325,សេន,សិរី,Sen,Serey
326,វ៉ាន់,សុខា,Van,Sokha
327,ថាច់,គន់,Thach,Kon
328,ជា,សុភា,Chea,Sophea
329,យី,សុភា,Yi,Sophea
330,ហួត,គន់,Huot,Kon
331,ជឹង,ស្រីណា,Cheung,Sreyna
332,អ៊ូច,មនោ,Ouch,Manou
333,សែន,សុខា,Saen,Sokha
334,លី,សុខា,Ly,Sokha
335,សែន,លក្ខិណា,Saen,Lakhena
336,លី,សិរី,Ly,Serey
337,សុខ,ស្រីណា,Sok,Sreyna
338,សេង,គន់,Seng,Kon
339,គឹម,សុខា,Kim,Sokha
340,ថោង,លក្ខិណា,Thong,Lakhena
341,ប៊ុន,សុភា,Bun,Sophea
342,លី,ចន្ទ្រា,Ly,Chantrea
343,ហឿន,មនោ,Heoun,Manou
344,ឆៃ,ពេជ្រ,Chhay,Pich
345,វ៉ាន់,ចន្ទ្រា,Van,Chantrea
346,ឆៃ,សុភា,Chhay,Sophea
347,ជឹង,បុប្ផា,Cheung,Bopha
348,ថោង,មនោ,Thong,Manou
349,ហឿន,សិរី,Heoun,Serey
350,វង្ស,ស្រីណា,Vong,Sreyna
351,ជឹង,ចន្ទ្រា,Cheung,Chantrea
352,ឡុង,សុខា,Long,Sokha
353,ហេង,សិរី,Heng,Serey
354,ហឿន,សុខា,Heoun,Sokha
355,អ៊ូច,សិរី,Ouch,Serey
356,សេន,លក្ខិណា,Sen,Lakhena
357,លី,ស្រីណា,Ly,Sreyna
358,សុខ,លក្ខិណា,Sok,Lakhena
359,ឆន,គន់,Chan,Kon
360,ឆន,សិរី,Chan,Serey
361,ហេង,ស្រីណា,Heng,Sreyna
362,សេន,គន់,Sen,Kon
363,សែន,បុប្ផា,Saen,Bopha
364,ប៊ុន,ពេជ្រ,Bun,Pich
365,ជា,លក្ខិណា,Chea,Lakhena
366,វណ្ណ,ពេជ្រ,Vann,Pich
367,វ៉ាន់,សិរី,Van,Serey
368,ហឿន,ពេជ្រ,Heoun,Pich
369,ជា,ចន្ទ្រា,Chea,Chantrea
370,ឡុង,ពេជ្រ,Long,Pich
371,សុខុន,លក្ខិណា,Sokhon,Lakhena
372,សោម,លក្ខិណា,Saom,Lakhena
373,ជា,សុខា,Chea,Sokha
374,ហាក់,មនោ,Hak,Manou
375,ថាច់,មនោ,Thach,Manou
376,សែន,គន់,Saen,Kon
377,សុខុន,មនោ,Sokhon,Manou
378,ថាច់,សិរី,Thach,Serey
379,វង្ស,ចន្ទ្រា,Vong,Chantrea
380,សោម,បុប្ផា,Saom,Bopha
381,ចាន់,សុភា,Chan,Sophea
382,អ៊ូច,ស្រីណា,Ouch,Sreyna
383,ឆៃ,សិរី,Chhay,Serey
384,លី,សុភា,Ly,Sophea
385,ជា,បុប្ផា,Chea,Bopha
386,ហេង,ពេជ្រ,Heng,Pich
387,ថោង,ស្រីណា,Thong,Sreyna
388,សុខ,សុខា,Sok,Sokha
389,វង្ស,មនោ,Vong,Manou
390,អ៊ុំ,លក្ខិណា,Um,Lakhena
391,ហាក់,គន់,Hak,Kon
392,សោម,សិរី,Saom,Serey
393,ចាន់,បុប្ផា,Chan,Bopha
394,ឆន,ចន្ទ្រា,Chan,Chantrea
395,លី,គន់,Ly,Kon
396,យី,ចន្ទ្រា,Yi,Chantrea
397,ស៊ុំ,គន់,Sum,Kon
398,ឡុង,ស្រីណា,Long,Sreyna
399,ហួត,បុប្ផា,Huot,Bopha
400,វណ្ណ,លក្ខិណា,Vann,Lakhena
401,ជឹង,សុខា,Cheung,Sokha
402,គឹម,ស្រីណា,Kim,Sreyna
403,វង្ស,បុប្ផា,Vong,Bopha
404,ហួត,មនោ,Huot,Manou
405,ប៊ុន,សុខា,Bun,Sokha
406,ថាច់,ស្រីណា,Thach,Sreyna
407,ចាន់,ពេជ្រ,Chan,Pich
408,គឹម,សិរី,Kim,Serey
409,ហួត,សុភា,Huot,Sophea
410,លុច,លក្ខិណា,Luch,Lakhena
411,ជឹង,លក្ខិណា,Cheung,Lakhena
412,ជឹង,សុភា,Cheung,Sophea
413,លី,ពេជ្រ,Ly,Pich
414,វណ្ណ,ចន្ទ្រា,Vann,Chantrea
415,ហេង,លក្ខិណា,Heng,Lakhena
416,ជឹង,គន់,Cheung,Kon
417,សេង,សុខា,Seng,Sokha
418,អ៊ូច,បុប្ផា,Ouch,Bopha
419,ហាក់,ចន្ទ្រា,Hak,Chantrea
420,វណ្ណ,មនោ,Vann,Manou
421,សេង,សុភា,Seng,Sophea
422,លី,មនោ,Ly,Manou
423,សុខុន,ស្រីណា,Sokhon,Sreyna
424,យី,គន់,Yi,Kon
425,ហេង,សុភា,Heng,Sophea
426,ចាន់,សិរី,Chan,Serey
427,ថោង,គន់,Thong,Kon
428,ជា,សិរី,Chea,Serey
429,វណ្ណ,បុប្ផា,Vann,Bopha
430,អ៊ុំ,សិរី,Um,Serey
431,វង្ស,លក្ខិណា,Vong,Lakhena
432,អ៊ុំ,សុខា,Um,Sokha
433,ថោង,សុភា,Thong,Sophea
434,សោម,ចន្ទ្រា,Saom,Chantrea
435,សែន,ពេជ្រ,Saen,Pich
436,លុច,ស្រីណា,Luch,Sreyna
437,ហួត,ចន្ទ្រា,Huot,Chantrea
438,យី,ពេជ្រ,Yi,Pich
439,សេង,ចន្ទ្រា,Seng,Chantrea
440,ឆន,បុប្ផា,Chan,Bopha
441,អ៊ូច,សុភា,Ouch,Sophea
442,លុច,សុភា,Luch,Sophea
443,ហឿន,សុភា,Heoun,Sophea
444,វង្ស,សុខា,Vong,Sokha
445,សែន,សិរី,Saen,Serey
446,សុខុន,សិរី,Sokhon,Serey
447,គឹម,លក្ខិណា,Kim,Lakhena
448,លុច,សុខា,Luch,Sokha
449,ឡុង,គន់,Long,Kon
450,ហួត,លក្ខិណា,Huot,Lakhena
451,វង្ស,ពេជ្រ,Vong,Pich
452,នួន,សុភា,Nuon,Sophea
453,ចាន់,ចន្ទ្រា,Chan,Chantrea
454,ថាច់,ពេជ្រ,Thach,Pich
455,ស៊ុំ,ស្រីណា,Sum,Sreyna
456,សុខុន,គន់,Sokhon,Kon
457,វ៉ាន់,មនោ,Van,Manou
458,សេង,មនោ,Seng,Manou
459,ថោង,ពេជ្រ,Thong,Pich
460,វ៉ាន់,បុប្ផា,Van,Bopha
461,ហេង,បុប្ផា,Heng,Bopha
462,ឆន,សុខា,Chan,Sokha
463,វ៉ាន់,គន់,Van,Kon
464,អ៊ុំ,មនោ,Um,Manou
465,ប៊ុន,គន់,Bun,Kon
466,ហឿន,គន់,Heoun,Kon
467,ហេង,ចន្ទ្រា,Heng,Chantrea
468,នួន,សុខា,Nuon,Sokha
469,ប៊ុន,ស្រីណា,Bun,Sreyna
470,សុខ,ចន្ទ្រា,Sok,Chantrea
471,អ៊ូច,លក្ខិណា,Ouch,Lakhena
472,សេង,ស្រីណា,Seng,Sreyna
473,សេន,សុខា,Sen,Sokha
474,អ៊ុំ,ពេជ្រ,Um,Pich
475,សេង,ពេជ្រ,Seng,Pich
476,សោម,សុខា,Saom,Sokha
477,ហាក់,សិរី,Hak,Serey
478,សេន,ស្រីណា,Sen,Sreyna
479,វង្ស,សុភា,Vong,Sophea
480,នួន,លក្ខិណា,Nuon,Lakhena
481,ចាន់,សុខា,Chan,Sokha
482,ស៊ុំ,លក្ខិណា,Sum,Lakhena
483,ឆៃ,លក្ខិណា,Chhay,Lakhena
484,ថោង,សុខា,Thong,Sokha
485,សោម,ស្រីណា,Saom,Sreyna
486,ឆៃ,ស្រីណា,Chhay,Sreyna
487,ឆៃ,សុខា,Chhay,Sokha
488,ប៊ុន,លក្ខិណា,Bun,Lakhena
489,វណ្ណ,គន់,Vann,Kon
490,លុច,សិរី,Luch,Serey
491,ស៊ុំ,សុខា,Sum,Sokha
492,ស៊ុំ,មនោ,Sum,Manou
493,ហាក់,ពេជ្រ,Hak,Pich
494,គឹម,គន់,Kim,Kon
495,វណ្ណ,ស្រីណា,Vann,Sreyna
496,សែន,មនោ,Saen,Manou
497,វ៉ាន់,ស្រីណា,Van,Sreyna
498,នួន,ចន្ទ្រា,Nuon,Chantrea
499,យី,សិរី,Yi,Serey
500,សោម,សុភា,Saom,Sophea
501,ថាច់,បុប្ផា,Thach,Bopha
502,ជឹង,មនោ,Cheung,Manou
503,សែន,សុភា,Saen,Sophea
504,យី,លក្ខិណា,Yi,Lakhena
505,នួន,បុប្ផា,Nuon,Bopha
506,នួន,គន់,Nuon,Kon
507,ថាច់,សុភា,Thach,Sophea
508,ឆៃ,គន់,Chhay,Kon
509,វ៉ាន់,សុភា,Van,Sophea
510,អ៊ូច,គន់,Ouch,Kon
511,ថាច់,សុខា,Thach,Sokha
512,ឆន,សុភា,Chan,Sophea
513,សែន,ស្រីណា,Saen,Sreyna
514,នួន,មនោ,Nuon,Manou
515,សេន,មនោ,Sen,Manou
516,ឆៃ,បុប្ផា,Chhay,Bopha
517,ចាន់,លក្ខិណា,Chan,Lakhena
518,លី,លក្ខិណា,Ly,Lakhena
519,លុច,គន់,Luch,Kon
520,គឹម,មនោ,Kim,Manou
521,វណ្ណ,សិរី,Vann,Serey
522,ចាន់,ស្រីណា,Chan,Sreyna
523,លុច,ពេជ្រ,Luch,Pich
524,ឆៃ,ចន្ទ្រា,Chhay,Chantrea
525,ឡុង,សិរី,Long,Serey
526,សុខ,សិរី,Sok,Serey
527,វណ្ណ,សុខា,Vann,Sokha
528,ហេង,សុខា,Heng,Sokha
529,យី,សុខា,Yi,Sokha
530,ស៊ុំ,ចន្ទ្រា,Sum,Chantrea
531,លី,បុប្ផា,Ly,Bopha
532,ឆន,លក្ខិណា,Chan,Lakhena
533,ថាច់,ចន្ទ្រា,Thach,Chantrea
534,ហាក់,បុប្ផា,Hak,Bopha
535,គឹម,ចន្ទ្រា,Kim,Chantrea
536,ចាន់,មនោ,Chan,Manou
537,វង្ស,សិរី,Vong,Serey
538,សេន,សុភា,Sen,Sophea
539,ថោង,បុប្ផា,Thong,Bopha
540,អ៊ុំ,ចន្ទ្រា,Um,Chantrea
541,សោម,គន់,Saom,Kon
542,ហាក់,លក្ខិណា,Hak,Lakhena
543,ហឿន,លក្ខិណា,Heoun,Lakhena
544,ហួត,ស្រីណា,Huot,Sreyna
545,ប៊ុន,ចន្ទ្រា,Bun,Chantrea
546,ហេង,មនោ,Heng,Manou
547,សេន,ពេជ្រ,Sen,Pich
548,ហឿន,បុប្ផា,Heoun,Bopha
549,ឡុង,សុភា,Long,Sophea
550,សេន,បុប្ផា,Sen,Bopha
551,សោម,មនោ,Saom,Manou
552,សេង,លក្ខិណា,Seng,Lakhena
553,អ៊ូច,សុខា,Ouch,Sokha
554,ឡុង,ចន្ទ្រា,Long,Chantrea
555,ជា,មនោ,Chea,Manou
556,លុច,ចន្ទ្រា,Luch,Chantrea
557,លុច,មនោ,Luch,Manou
558,ជា,ស្រីណា,Chea,Sreyna
559,ស៊ុំ,សិរី,Sum,Serey
560,ស៊ុំ,បុប្ផា,Sum,Bopha
561,ជឹង,សិរី,Cheung,Serey
562,ប៊ុន,មនោ,Bun,Manou
563,ថោង,ចន្ទ្រា,Thong,Chantrea
564,វង្ស,គន់,Vong,Kon
565,ហាក់,សុភា,Hak,Sophea
566,ស៊ុំ,ពេជ្រ,Sum,Pich
567,នួន,ស្រីណា,Nuon,Sreyna
568,សុខ,បុប្ផា,Sok,Bopha
569,គឹម,បុប្ផា,Kim,Bopha
570,សុខ,មនោ,Sok,Manou
571,អ៊ុំ,ស្រីណា,Um,Sreyna
572,ចាន់,គន់,Chan,Kon
573,អ៊ុំ,បុប្ផា,Um,Bopha
574,សុខុន,បុប្ផា,Sokhon,Bopha
575,ជា,គន់,Chea,Kon
576,គឹម,ពេជ្រ,Kim,Pich
577,អ៊ូច,ចន្ទ្រា,Ouch,Chantrea
578,ហាក់,ស្រីណា,Hak,Sreyna
579,អ៊ុំ,សុភា,Um,Sophea
580,សុខុន,ចន្ទ្រា,Sokhon,Chantrea
581,សេង,សិរី,Seng,Serey
582,យី,បុប្ផា,Yi,Bopha
583,សេង,បុប្ផា,Seng,Bopha
584,វ៉ាន់,ពេជ្រ,Van,Pich
585,ប៊ុន,បុប្ផា,Bun,Bopha
586,ហឿន,ស្រីណា,Heoun,Sreyna
587,សែន,ចន្ទ្រា,Saen,Chantrea
588,ស៊ុំ,សុភា,Sum,Sophea
589,ថោង,សិរី,Thong,Serey
590,សុខ,ពេជ្រ,Sok,Pich
591,សុខុន,សុខា,Sokhon,Sokha
592,ឆន,ស្រីណា,Chan,Sreyna
593,ថាច់,លក្ខិណា,Thach,Lakhena
594,នួន,សិរី,Nuon,Serey
595,សោម,ពេជ្រ,Saom,Pich
596,ជា,ពេជ្រ,Chea,Pich
597,ឆន,មនោ,Chan,Manou
598,ហួត,សុខា,Huot,Sokha
599,ប៊ុន,សិរី,Bun,Serey
600,ហឿន,ចន្ទ្រា,Heoun,Chantrea
601,សោម,សិទ្ធិ,Saom,Sith
602,សុខុន,មេត្តា,Sokhon,Metta
603,សេង,សុខ,Seng,Sok
604,ជឹង,មេត្តា,Cheung,Metta
605,ឆន,ដារា,Chan,Dara
606,សុខ,ស្រី,Sok,Srey
607,ចាន់,សិទ្ធិ,Chan,Sith
608,ឡុង,ចន្ទ្នារី,Long,Channary
609,វណ្ណ,សុខ,Vann,Sok
610,ប៊ុន,សុខ,Bun,Sok
611,អ៊ូច,ចន្ទ្នារី,Ouch,Channary
612,ថាច់,សាន,Thach,San
613,សែន,ស្រី,Saen,Srey
614,ថាច់,ចន្ទ្នារី,Thach,Channary
615,សេង,សាន,Seng,San
616,ហាក់,ស្រី,Hak,Srey
617,ស៊ុំ,សាន,Sum,San
618,លី,សាន,Ly,San
619,ហាក់,វិបុល,Hak,Vibol
620,ឆៃ,គុណ,Chhay,Kun
621,ហាក់,អភិ,Hak,Api
622,អ៊ូច,ដារា,Ouch,Dara
623,ជឹង,សាន,Cheung,San
624,លុច,អភិ,Luch,Api
625,ចាន់,សុខ,Chan,Sok
626,ឡុង,អភិ,Long,Api
627,យី,ដារា,Yi,Dara
628,ថោង,សុខ,Thong,Sok
629,សោម,ដារា,Saom,Dara
630,អ៊ុំ,គុណ,Um,Kun
631,ឆន,សិទ្ធិ,Chan,Sith
632,ហេង,គុណ,Heng,Kun
633,ឡុង,គុណ,Long,Kun
634,ជឹង,វិបុល,Cheung,Vibol
635,ស៊ុំ,សុខ,Sum,Sok
636,វណ្ណ,ស្រី,Vann,Srey
637,វង្ស,ដារា,Vong,Dara
638,នួន,អភិ,Nuon,Api
639,ឆន,អភិ,Chan,Api
640,ថាច់,វិបុល,Thach,Vibol
641,សុខ,សាន,Sok,San
642,ហាក់,សុខ,Hak,Sok
643,វង្ស,អភិ,Vong,Api
644,លុច,មេត្តា,Luch,Metta
645,លី,ចន្ទ្នារី,Ly,Channary
646,ហួត,ស្រី,Huot,Srey
647,ឡុង,សាន,Long,San
648,វណ្ណ,អភិ,Vann,Api
649,អ៊ូច,អភិ,Ouch,Api
650,សេង,ស្រី,Seng,Srey
651,សែន,ដារា,Saen,Dara
652,អ៊ុំ,ដារា,Um,Dara
653,អ៊ុំ,ចន្ទ្នារី,Um,Channary
654,នួន,សុខ,Nuon,Sok
655,នួន,មេត្តា,Nuon,Metta
656,ថាច់,អភិ,Thach,Api
657,អ៊ុំ,ស្រី,Um,Srey
658,អ៊ុំ,សិទ្ធិ,Um,Sith
659,ហេង,សាន,Heng,San
660,វ៉ាន់,ស្រី,Van,Srey
661,ប៊ុន,គុណ,Bun,Kun
662,គឹម,សិទ្ធិ,Kim,Sith
663,ថាច់,សុខ,Thach,Sok
664,សុខ,ដារា,Sok,Dara
665,ប៊ុន,សាន,Bun,San
666,ថោង,សិទ្ធិ,Thong,Sith
667,ថាច់,សិទ្ធិ,Thach,Sith
668,លុច,សិទ្ធិ,Luch,Sith
669,ហេង,ចន្ទ្នារី,Heng,Channary
670,សុខុន,ស្រី,Sokhon,Srey
671,លី,អភិ,Ly,Api
672,ថោង,គុណ,Thong,Kun
673,ឡុង,មេត្តា,Long,Metta
674,គឹម,សាន,Kim,San
675,វង្ស,សុខ,Vong,Sok
676,លុច,ចន្ទ្នារី,Luch,Channary
677,ហឿន,សាន,Heoun,San
678,ស៊ុំ,ចន្ទ្នារី,Sum,Channary
679,ហួត,សាន,Huot,San
680,សេន,សិទ្ធិ,Sen,Sith
681,វ៉ាន់,មេត្តា,Van,Metta
682,គឹម,សុខ,Kim,Sok
683,សុខុន,សុខ,Sokhon,Sok
684,សេង,គុណ,Seng,Kun
685,ហាក់,មេត្តា,Hak,Metta
686,សែន,សិទ្ធិ,Saen,Sith
687,ហឿន,ដារា,Heoun,Dara
688,លី,សិទ្ធិ,Ly,Sith
689,វ៉ាន់,វិបុល,Van,Vibol
690,ចាន់,គុណ,Chan,Kun
691,ប៊ុន,ចន្ទ្នារី,Bun,Channary
692,ជា,សាន,Chea,San
693,សែន,ចន្ទ្នារី,Saen,Channary
694,វ៉ាន់,សាន,Van,San
695,ហេង,ដារា,Heng,Dara
696,សុខុន,ចន្ទ្នារី,Sokhon,Channary
697,ឆន,មេត្តា,Chan,Metta
698,លី,សុខ,Ly,Sok
699,ថោង,វិបុល,Thong,Vibol
700,វណ្ណ,ដារា,Vann,Dara
701,ហឿន,អភិ,Heoun,Api
702,អ៊ុំ,ស្រី,Um,Srey
703,ហាក់,សុភា,Hak,Sophea
704,ចាន់,ពេជ្រ,Chan,Pich
705,លី,ចន្ទ្រា,Ly,Chantrea
706,ស៊ុំ,ដារា,Sum,Dara
707,វណ្ណ,រិទ្ធ,Vann,Rith
708,ហួត,សុខា,Huot,Sokha
709,ហេង,សុភា,Heng,Sophea
710,ហេង,រិទ្ធ,Heng,Rith
711,ចាន់,វិចិត្រ,Chan,Vichetr
712,ហួត,គុណ,Huot,Kun
713,ថាច់,ពេជ្រ,Thach,Pich
714,ឆន,សុខា,Chan,Sokha
715,លុច,គន់,Luch,Kon
716,អ៊ូច,សុខ,Ouch,Sok
717,ថោង,ចន្ទ្រា,Thong,Chantrea
718,ថោង,គុណ,Thong,Kun
719,អ៊ុំ,មេត្តា,Um,Metta
720,ហាក់,សិទ្ធិ,Hak,Sith
721,ឡុង,បុប្ផា,Long,Bopha
722,ជា,អនុ,Chea,Anu
723,គឹម,គុណ,Kim,Kun
724,លី,បុរី,Ly,Borey
725,សេង,ជឿន,Seng,Cheurn
726,វណ្ណ,ដារា,Vann,Dara
727,ជា,វិជ្ជា,Chea,Vichhea
728,សែន,គន់,Saen,Kon
729,ប៊ុន,សិរី,Bun,Serey
730,វ៉ាន់,មេត្តា,Van,Metta
731,សេង,ដារា,Seng,Dara
732,យី,រិទ្ធ,Yi,Rith
733,លី,សុភា,Ly,Sophea
734,វណ្ណ,សិរី,Vann,Serey
735,ហេង,ដារា,Heng,Dara
736,ជឹង,អនុ,Cheung,Anu
737,គឹម,សុភា,Kim,Sophea
738,ឆៃ,សុខ,Chhay,Sok
739,សេន,ជឿន,Sen,Cheurn
740,ថាច់,សាន្ត,Thach,San
741,សុខុន,ចក្រា,Sokhon,Chakra
742,អ៊ុំ,សាន,Um,San
743,សោម,ចក្រា,Saom,Chakra
744,សុខុន,សុភា,Sokhon,Sophea
745,ហួត,ចន្ទ្នារី,Huot,Channary
746,ហាក់,សិរី,Hak,Serey
747,ចាន់,គុណ,Chan,Kun
748,គឹម,ពេជ្រ,Kim,Pich
749,គឹម,អភិ,Kim,Api
750,ហួត,បុប្ផា,Huot,Bopha
751,ឆៃ,ដារា,Chhay,Dara
752,ចាន់,មេត្តា,Chan,Metta
753,ស៊ុំ,បុរី,Sum,Borey
754,លុច,ស្រី,Luch,Srey
755,ថោង,វិចិត្រ,Thong,Vichetr
756,ហឿន,ចក្រា,Heoun,Chakra
757,វ៉ាន់,អភិ,Van,Api
758,នួន,ពេជ្រ,Nuon,Pich
759,ថោង,មេត្តា,Thong,Metta
760,លី,សិរី,Ly,Serey
761,ហឿន,សោភា,Heoun,Sophea
762,ឡុង,គន់,Long,Kon
763,ជា,សិរី,Chea,Serey
764,យី,សុខា,Yi,Sokha
765,ហេង,គុណ,Heng,Kun
766,យី,សាន,Yi,San
767,សុខុន,មេត្តា,Sokhon,Metta
768,ប៊ុន,វិជ្ជា,Bun,Vichhea
769,ឆៃ,អនុ,Chhay,Anu
770,សែន,ពេជ្រ,Saen,Pich
771,សុខ,មេត្តា,Sok,Metta
772,ថោង,វិជ្ជា,Thong,Vichhea
773,ឆន,មនោ,Chan,Manou
774,សុខ,ជឿន,Sok,Cheurn
775,ជា,ចក្រា,Chea,Chakra
776,លុច,អភិ,Luch,Api
777,ប៊ុន,សុភា,Bun,Sophea
778,ហឿន,គន់,Heoun,Kon
779,អ៊ុំ,ចក្រា,Um,Chakra
780,គឹម,ដារា,Kim,Dara
781,សេង,វិជ្ជា,Seng,Vichhea
782,វង្ស,សុខ,Vong,Sok
783,ហាក់,វិជ្ជា,Hak,Vichhea
784,ហាក់,សោភា,Hak,Sophea
785,ថាច់,អភិ,Thach,Api
786,ស៊ុំ,វិបុល,Sum,Vibol
787,ឡុង,រិទ្ធ,Long,Rith
788,សុខ,ដារា,Sok,Dara
789,អ៊ូច,អនុ,Ouch,Anu
790,ហាក់,លក្ខិណា,Hak,Lakhena
791,ថាច់,បុប្ផា,Thach,Bopha
792,ចាន់,អនុ,Chan,Anu
793,សែន,អនុ,Saen,Anu
794,ចាន់,ចក្រា,Chan,Chakra
795,សេង,ស្រីណា,Seng,Sreyna
796,ហាក់,ដារា,Hak,Dara
797,វ៉ាន់,គន់,Van,Kon
798,ហួត,គន់,Huot,Kon
799,សេង,មេត្តា,Seng,Metta
800,ថាច់,សិទ្ធិ,Thach,Sith
801,លី,រិទ្ធ,Ly,Rith
802,លី,គន់,Ly,Kon
803,យី,ស្រីណា,Yi,Sreyna
804,សុខ,វិជ្ជា,Sok,Vichhea
805,ថាច់,បុរី,Thach,Borey
806,យី,ជឿន,Yi,Cheurn
807,នួន,សិរី,Nuon,Serey
808,សុខុន,សុខ,Sokhon,Sok
809,អ៊ុំ,ជឿន,Um,Cheurn
810,វណ្ណ,សុភា,Vann,Sophea
811,ហួត,ចន្ទ្រា,Huot,Chantrea
812,ហេង,សិទ្ធិ,Heng,Sith
813,ឆៃ,មនោ,Chhay,Manou
814,ជា,សិទ្ធិ,Chea,Sith
815,វង្ស,ស្រី,Vong,Srey
816,សែន,ដារា,Saen,Dara
817,សុខ,អភិ,Sok,Api
818,ហឿន,សាន្ត,Heoun,San
819,ឆន,បុរី,Chan,Borey
820,ឆន,វិចិត្រ,Chan,Vichetr
821,នួន,គន់,Nuon,Kon
822,ថាច់,ដារា,Thach,Dara
823,ជឹង,សុខ,Cheung,Sok
824,សេន,រិទ្ធ,Sen,Rith
825,អ៊ូច,គន់,Ouch,Kon
826,ហួត,សាន្ត,Huot,San
827,អ៊ូច,សិទ្ធិ,Ouch,Sith
828,ថាច់,ស្រី,Thach,Srey
829,ប៊ុន,បុរី,Bun,Borey
830,ប៊ុន,អភិ,Bun,Api
831,ចាន់,ស្រី,Chan,Srey
832,វ៉ាន់,រិទ្ធ,Van,Rith
833,ឡុង,ជឿន,Long,Cheurn
834,ថោង,ស្រីណា,Thong,Sreyna
835,ហេង,ស្រីណា,Heng,Sreyna
836,ថាច់,អនុ,Thach,Anu
837,វណ្ណ,ជឿន,Vann,Cheurn
838,ហេង,មនោ,Heng,Manou
839,សោម,លក្ខិណា,Saom,Lakhena
840,សេន,សោភា,Sen,Sophea
841,សេន,សុខា,Sen,Sokha
842,ជា,មនោ,Chea,Manou
843,សុខ,ចន្ទ្រា,Sok,Chantrea
844,សេន,ដារា,Sen,Dara
845,ចាន់,សិរី,Chan,Serey
846,វង្ស,ចន្ទ្រា,Vong,Chantrea
847,ថោង,សិទ្ធិ,Thong,Sith
848,សោម,ស្រីណា,Saom,Sreyna
849,អ៊ូច,សុភា,Ouch,Sophea
850,ហឿន,សុខ,Heoun,Sok
851,ជា,សាន្ត,Chea,San
852,ហាក់,សុខា,Hak,Sokha
853,ឡុង,អភិ,Long,Api
854,វង្ស,សាន្ត,Vong,San
855,យី,ដារា,Yi,Dara
856,នួន,រិទ្ធ,Nuon,Rith
857,យី,អភិ,Yi,Api
858,គឹម,បុប្ផា,Kim,Bopha
859,ចាន់,សុខ,Chan,Sok
860,សោម,ដារា,Saom,Dara
861,ហេង,ចន្ទ្រា,Heng,Chantrea
862,លី,វិចិត្រ,Ly,Vichetr
863,ឆៃ,វិបុល,Chhay,Vibol
864,លុច,វិជ្ជា,Luch,Vichhea
865,សែន,សាន,Saen,San
866,ឆន,ស្រី,Chan,Srey
867,ស៊ុំ,វិជ្ជា,Sum,Vichhea
868,ឆៃ,សិរី,Chhay,Serey
869,វង្ស,មនោ,Vong,Manou
870,អ៊ូច,សាន,Ouch,San
871,សេន,សាន,Sen,San
872,វ៉ាន់,មនោ,Van,Manou
873,ថាច់,សិរី,Thach,Serey
874,លុច,សុខ,Luch,Sok
875,ហេង,គន់,Heng,Kon
876,សុខ,សាន្ត,Sok,San
877,ជឹង,ចន្ទ្នារី,Cheung,Channary
878,ឡុង,វិចិត្រ,Long,Vichetr
879,ឆន,ជឿន,Chan,Cheurn
880,ជឹង,វិជ្ជា,Cheung,Vichhea
881,សុខុន,សិទ្ធិ,Sokhon,Sith
882,លុច,លក្ខិណា,Luch,Lakhena
883,ហឿន,សាន,Heoun,San
884,ហេង,សុខ,Heng,Sok
885,សេន,អភិ,Sen,Api
886,ឆៃ,ចន្ទ្នារី,Chhay,Channary
887,សែន,មនោ,Saen,Manou
888,យី,ចក្រា,Yi,Chakra
889,ថោង,សោភា,Thong,Sophea
890,ឆៃ,បុរី,Chhay,Borey
891,សេន,វិជ្ជា,Sen,Vichhea
892,អ៊ុំ,គន់,Um,Kon
893,ហួត,ស្រីណា,Huot,Sreyna
894,គឹម,សុខា,Kim,Sokha
895,អ៊ូច,សាន្ត,Ouch,San
896,ស៊ុំ,ពេជ្រ,Sum,Pich
897,ហេង,សោភា,Heng,Sophea
898,ឆន,ចក្រា,Chan,Chakra
899,សុខុន,ដារា,Sokhon,Dara
900,គឹម,លក្ខិណា,Kim,Lakhena
901,សុខុន,អនុ,Sokhon,Anu
902,យី,មេត្តា,Yi,Metta
903,សុខុន,ចន្ទ្រា,Sokhon,Chantrea
904,វង្ស,ដារា,Vong,Dara
905,ឆន,សាន,Chan,San
906,សុខុន,សាន្ត,Sokhon,San
907,សែន,សោភា,Saen,Sophea
908,ហេង,ចន្ទ្នារី,Heng,Channary
909,ឆន,ដារា,Chan,Dara
910,យី,គន់,Yi,Kon
911,អ៊ូច,ចក្រា,Ouch,Chakra
912,អ៊ុំ,បុរី,Um,Borey
913,សុខុន,សាន,Sokhon,San
914,ឆន,បុប្ផា,Chan,Bopha
915,ហេង,ស្រី,Heng,Srey
916,ឆន,សុភា,Chan,Sophea
917,វ៉ាន់,សិទ្ធិ,Van,Sith
918,ថោង,រិទ្ធ,Thong,Rith
919,ហាក់,ស្រីណា,Hak,Sreyna
920,ចាន់,អភិ,Chan,Api
921,នួន,សុខា,Nuon,Sokha
922,វង្ស,សោភា,Vong,Sophea
923,ថោង,គន់,Thong,Kon
924,វណ្ណ,មនោ,Vann,Manou
925,ប៊ុន,សិទ្ធិ,Bun,Sith
926,អ៊ុំ,ពេជ្រ,Um,Pich
927,ប៊ុន,លក្ខិណា,Bun,Lakhena
928,ឡុង,ពេជ្រ,Long,Pich
929,ឆន,សោភា,Chan,Sophea
930,ចាន់,រិទ្ធ,Chan,Rith
931,ឆន,វិជ្ជា,Chan,Vichhea
932,ឆន,អនុ,Chan,Anu
933,ឆៃ,វិចិត្រ,Chhay,Vichetr
934,ប៊ុន,ដារា,Bun,Dara
935,នួន,សាន,Nuon,San
936,ហាក់,ចន្ទ្នារី,Hak,Channary
937,ថោង,ចក្រា,Thong,Chakra
938,សែន,ស្រីណា,Saen,Sreyna
939,ថាច់,លក្ខិណា,Thach,Lakhena
940,សុខ,សិរី,Sok,Serey
941,ឆៃ,គន់,Chhay,Kon
942,លី,សិទ្ធិ,Ly,Sith
943,សេន,ស្រី,Sen,Srey
944,ថាច់,គុណ,Thach,Kun
945,សែន,លក្ខិណា,Saen,Lakhena
946,ឆន,ចន្ទ្រា,Chan,Chantrea
947,ថាច់,សោភា,Thach,Sophea
948,យី,វិបុល,Yi,Vibol
949,លី,អភិ,Ly,Api
950,ហាក់,មេត្តា,Hak,Metta
951,វណ្ណ,ស្រី,Vann,Srey
952,សេង,អនុ,Seng,Anu
953,ស៊ុំ,សាន្ត,Sum,San
954,អ៊ូច,ដារា,Ouch,Dara
955,ហាក់,គុណ,Hak,Kun
956,ហេង,សាន,Heng,San
957,ស៊ុំ,ជឿន,Sum,Cheurn
958,សុខុន,សិរី,Sokhon,Serey
959,គឹម,ស្រីណា,Kim,Sreyna
960,ហួត,ដារា,Huot,Dara
961,ហេង,សិរី,Heng,Serey
962,ជឹង,ជឿន,Cheung,Cheurn
963,នួន,បុប្ផា,Nuon,Bopha
964,សោម,មនោ,Saom,Manou
965,ជា,សុខ,Chea,Sok
966,អ៊ូច,វិជ្ជា,Ouch,Vichhea
967,គឹម,សិរី,Kim,Serey
968,ប៊ុន,សុខា,Bun,Sokha
969,វង្ស,អភិ,Vong,Api
970,គឹម,ចក្រា,Kim,Chakra
971,សុខុន,វិបុល,Sokhon,Vibol
972,ជា,អភិ,Chea,Api
973,វ៉ាន់,អនុ,Van,Anu
974,ប៊ុន,មេត្តា,Bun,Metta
975,នួន,មនោ,Nuon,Manou
976,ចាន់,ចន្ទ្នារី,Chan,Channary
977,ឆន,ចន្ទ្នារី,Chan,Channary
978,សុខុន,ស្រី,Sokhon,Srey
979,ជា,សុភា,Chea,Sophea
980,សេន,ចន្ទ្រា,Sen,Chantrea
981,សោម,ចន្ទ្នារី,Saom,Channary
982,វ៉ាន់,បុប្ផា,Van,Bopha
983,សុខ,សុខា,Sok,Sokha
984,វ៉ាន់,ដារា,Van,Dara
985,វ៉ាន់,គុណ,Van,Kun
986,ឡុង,អនុ,Long,Anu
987,ឆៃ,សោភា,Chhay,Sophea
988,ស៊ុំ,ស្រី,Sum,Srey
989,វង្ស,វិបុល,Vong,Vibol
990,ស៊ុំ,សុខា,Sum,Sokha
991,ថោង,បុប្ផា,Thong,Bopha
992,ឡុង,សាន្ត,Long,San
993,ហាក់,ចន្ទ្រា,Hak,Chantrea
994,ហឿន,វិបុល,Heoun,Vibol
995,នួន,អភិ,Nuon,Api
996,ឡុង,សុខា,Long,Sokha
997,វ៉ាន់,សោភា,Van,Sophea
998,លី,សុខ,Ly,Sok
999,វង្ស,សិរី,Vong,Serey
1000,ថោង,ពេជ្រ,Thong,Pich
